properties/id,properties/name,properties/ort,properties/type/0,properties/type/1,geometry/coordinates/0/0,geometry/coordinates/0/1,geometry/coordinates/1/0,geometry/coordinates/1/1,geometry/type,type,properties/color,properties/ID,properties/type,geometry/coordinates/2/0,geometry/coordinates/2/1,geometry/coordinates/3/0,geometry/coordinates/3/1,geometry/coordinates/4/0,geometry/coordinates/4/1,geometry/coordinates/5/0,geometry/coordinates/5/1,geometry/coordinates/6/0,geometry/coordinates/6/1,geometry/coordinates/7/0,geometry/coordinates/7/1,geometry/coordinates/8/0,geometry/coordinates/8/1,geometry/coordinates/9/0,geometry/coordinates/9/1,geometry/coordinates/10/0,geometry/coordinates/10/1,geometry/coordinates/11/0,geometry/coordinates/11/1,geometry/coordinates/12/0,geometry/coordinates/12/1,geometry/coordinates/13/0,geometry/coordinates/13/1,geometry/coordinates/14/0,geometry/coordinates/14/1,geometry/coordinates/15/0,geometry/coordinates/15/1,geometry/coordinates/16/0,geometry/coordinates/16/1,geometry/coordinates/17/0,geometry/coordinates/17/1,geometry/coordinates/18/0,geometry/coordinates/18/1,geometry/coordinates/19/0,geometry/coordinates/19/1,geometry/coordinates/20/0,geometry/coordinates/20/1,geometry/coordinates/21/0,geometry/coordinates/21/1,geometry/coordinates/22/0,geometry/coordinates/22/1,geometry/coordinates/23/0,geometry/coordinates/23/1,geometry/coordinates/24/0,geometry/coordinates/24/1,geometry/coordinates/25/0,geometry/coordinates/25/1,geometry/coordinates/26/0,geometry/coordinates/26/1,geometry/coordinates/27/0,geometry/coordinates/27/1,geometry/coordinates/28/0,geometry/coordinates/28/1,geometry/coordinates/29/0,geometry/coordinates/29/1,geometry/coordinates/30/0,geometry/coordinates/30/1,geometry/coordinates/31/0,geometry/coordinates/31/1,geometry/coordinates/32/0,geometry/coordinates/32/1,geometry/coordinates/33/0,geometry/coordinates/33/1,geometry/coordinates/34/0,geometry/coordinates/34/1,geometry/coordinates/35/0,geometry/coordinates/35/1,geometry/coordinates/36/0,geometry/coordinates/36/1,geometry/coordinates/37/0,geometry/coordinates/37/1,geometry/coordinates/38/0,geometry/coordinates/38/1,geometry/coordinates/39/0,geometry/coordinates/39/1,geometry/coordinates/40/0,geometry/coordinates/40/1,geometry/coordinates/41/0,geometry/coordinates/41/1,geometry/coordinates/42/0,geometry/coordinates/42/1,geometry/coordinates/43/0,geometry/coordinates/43/1,geometry/coordinates/44/0,geometry/coordinates/44/1,geometry/coordinates/45/0,geometry/coordinates/45/1,geometry/coordinates/46/0,geometry/coordinates/46/1,geometry/coordinates/47/0,geometry/coordinates/47/1,geometry/coordinates/48/0,geometry/coordinates/48/1,geometry/coordinates/49/0,geometry/coordinates/49/1,geometry/coordinates/50/0,geometry/coordinates/50/1,geometry/coordinates/51/0,geometry/coordinates/51/1,geometry/coordinates/52/0,geometry/coordinates/52/1,geometry/coordinates/53/0,geometry/coordinates/53/1,geometry/coordinates/54/0,geometry/coordinates/54/1,geometry/coordinates/55/0,geometry/coordinates/55/1,geometry/coordinates/56/0,geometry/coordinates/56/1,geometry/coordinates/57/0,geometry/coordinates/57/1,geometry/coordinates/58/0,geometry/coordinates/58/1,geometry/coordinates/59/0,geometry/coordinates/59/1,geometry/coordinates/60/0,geometry/coordinates/60/1,geometry/coordinates/61/0,geometry/coordinates/61/1,geometry/coordinates/62/0,geometry/coordinates/62/1,geometry/coordinates/63/0,geometry/coordinates/63/1,geometry/coordinates/64/0,geometry/coordinates/64/1,geometry/coordinates/65/0,geometry/coordinates/65/1,geometry/coordinates/66/0,geometry/coordinates/66/1,geometry/coordinates/67/0,geometry/coordinates/67/1,geometry/coordinates/68/0,geometry/coordinates/68/1
1678428,Stade-Schkopau-Pipeline-Ethylene,Stade,7,52,9.486706,53.635588,11.974442,51.394352,LineString,Feature,,,,,,,,,,,,,,,,,,,,,,,,,,,,,,,,,,,,,,,,,,,,,,,,,,,,,,,,,,,,,,,,,,,,,,,,,,,,,,,,,,,,,,,,,,,,,,,,,,,,,,,,,,,,,,,,,,,,,,,,,,,,,,,,,,,,,,,,,
1679194,Münchsmünster-Gendorf-Pipeline-Ethylene,Münchmünster,7,52,11.7037456,48.7555011,12.719985,48.177848,LineString,Feature,,,,,,,,,,,,,,,,,,,,,,,,,,,,,,,,,,,,,,,,,,,,,,,,,,,,,,,,,,,,,,,,,,,,,,,,,,,,,,,,,,,,,,,,,,,,,,,,,,,,,,,,,,,,,,,,,,,,,,,,,,,,,,,,,,,,,,,,,
1679186,Schkopau-Leuna-Pipeline-Ethylene,Schkopau,7,52,11.974442,51.394352,12.010769,51.324573,LineString,Feature,,,,,,,,,,,,,,,,,,,,,,,,,,,,,,,,,,,,,,,,,,,,,,,,,,,,,,,,,,,,,,,,,,,,,,,,,,,,,,,,,,,,,,,,,,,,,,,,,,,,,,,,,,,,,,,,,,,,,,,,,,,,,,,,,,,,,,,,,
1679188,Böhlen-Litvinov-Pipeline-Ethylene,Böhlen,7,52,12.3546491,51.1879756,13.6020742,50.56165350000001,LineString,Feature,,,,,,,,,,,,,,,,,,,,,,,,,,,,,,,,,,,,,,,,,,,,,,,,,,,,,,,,,,,,,,,,,,,,,,,,,,,,,,,,,,,,,,,,,,,,,,,,,,,,,,,,,,,,,,,,,,,,,,,,,,,,,,,,,,,,,,,,,
1679080,Leuna-Böhlen-Pipeline-Ethylene,Leuna,7,52,12.010769,51.324573,12.3546491,51.1879756,LineString,Feature,,,,,,,,,,,,,,,,,,,,,,,,,,,,,,,,,,,,,,,,,,,,,,,,,,,,,,,,,,,,,,,,,,,,,,,,,,,,,,,,,,,,,,,,,,,,,,,,,,,,,,,,,,,,,,,,,,,,,,,,,,,,,,,,,,,,,,,,,
1679770,Burghausen-Gendorf-Pipeline-Ethylene,Burghausen,7,52,12.8460153,48.1899715,12.719985,48.177848,LineString,Feature,,,,,,,,,,,,,,,,,,,,,,,,,,,,,,,,,,,,,,,,,,,,,,,,,,,,,,,,,,,,,,,,,,,,,,,,,,,,,,,,,,,,,,,,,,,,,,,,,,,,,,,,,,,,,,,,,,,,,,,,,,,,,,,,,,,,,,,,,
1680166,Dormagen-Köln-Nord-Pipeline-Ethylene,Dormagen,7,52,6.856687,51.072253,6.9309734,51.0068616,LineString,Feature,,,,,,,,,,,,,,,,,,,,,,,,,,,,,,,,,,,,,,,,,,,,,,,,,,,,,,,,,,,,,,,,,,,,,,,,,,,,,,,,,,,,,,,,,,,,,,,,,,,,,,,,,,,,,,,,,,,,,,,,,,,,,,,,,,,,,,,,,
1680164,Frechen-Wesseling-Pipeline-Ethylene,Frechen,7,52,6.766109999999999,50.90397,7.007482899999999,50.8170527,LineString,Feature,,,,,,,,,,,,,,,,,,,,,,,,,,,,,,,,,,,,,,,,,,,,,,,,,,,,,,,,,,,,,,,,,,,,,,,,,,,,,,,,,,,,,,,,,,,,,,,,,,,,,,,,,,,,,,,,,,,,,,,,,,,,,,,,,,,,,,,,,
1680128,Heide-Brunsbüttel-Pipeline-Ethylene,Hemmingstedt,7,52,9.0756101,54.1529343,9.1827626,53.901848,LineString,Feature,,,,,,,,,,,,,,,,,,,,,,,,,,,,,,,,,,,,,,,,,,,,,,,,,,,,,,,,,,,,,,,,,,,,,,,,,,,,,,,,,,,,,,,,,,,,,,,,,,,,,,,,,,,,,,,,,,,,,,,,,,,,,,,,,,,,,,,,,
1680168,Bottrop-Dormagen-Pipeline-Ethylene,Bottrop,7,52,6.96041,51.5106,6.856687,51.072253,LineString,Feature,,,,,,,,,,,,,,,,,,,,,,,,,,,,,,,,,,,,,,,,,,,,,,,,,,,,,,,,,,,,,,,,,,,,,,,,,,,,,,,,,,,,,,,,,,,,,,,,,,,,,,,,,,,,,,,,,,,,,,,,,,,,,,,,,,,,,,,,,
1680172,Marl-Gelsenkirchen-Pipeline-Ethylene,Marl,7,52,7.100303,51.681714,7.0284381,51.59696839999999,LineString,Feature,,,,,,,,,,,,,,,,,,,,,,,,,,,,,,,,,,,,,,,,,,,,,,,,,,,,,,,,,,,,,,,,,,,,,,,,,,,,,,,,,,,,,,,,,,,,,,,,,,,,,,,,,,,,,,,,,,,,,,,,,,,,,,,,,,,,,,,,,
1680170,Oberhausen-Bottrop-Pipeline-Ethylene,Oberhausen,7,52,6.796449399999999,51.5267932,6.96041,51.5106,LineString,Feature,,,,,,,,,,,,,,,,,,,,,,,,,,,,,,,,,,,,,,,,,,,,,,,,,,,,,,,,,,,,,,,,,,,,,,,,,,,,,,,,,,,,,,,,,,,,,,,,,,,,,,,,,,,,,,,,,,,,,,,,,,,,,,,,,,,,,,,,,
1680180,Geleen-Frechen-Pipeline-Ethylene,Geleen,7,52,5.8049235,50.95963949999999,6.766109999999999,50.90397,LineString,Feature,,,,,,,,,,,,,,,,,,,,,,,,,,,,,,,,,,,,,,,,,,,,,,,,,,,,,,,,,,,,,,,,,,,,,,,,,,,,,,,,,,,,,,,,,,,,,,,,,,,,,,,,,,,,,,,,,,,,,,,,,,,,,,,,,,,,,,,,,
1680178,Antwerpen-Geleen-Pipeline-Ethylene,Antwerpen,7,52,4.345783,51.2549551,5.8049,50.9596,LineString,Feature,,,,,,,,,,,,,,,,,,,,,,,,,,,,,,,,,,,,,,,,,,,,,,,,,,,,,,,,,,,,,,,,,,,,,,,,,,,,,,,,,,,,,,,,,,,,,,,,,,,,,,,,,,,,,,,,,,,,,,,,,,,,,,,,,,,,,,,,,
1680178,Antwerpen-Feluy-Pipeline-Ethylene,Antwerpen,7,52,4.345783,51.2549551,4.2148,50.5555,LineString,Feature,,,,,,,,,,,,,,,,,,,,,,,,,,,,,,,,,,,,,,,,,,,,,,,,,,,,,,,,,,,,,,,,,,,,,,,,,,,,,,,,,,,,,,,,,,,,,,,,,,,,,,,,,,,,,,,,,,,,,,,,,,,,,,,,,,,,,,,,,
1680178,Antwerpen-Jemeppe-Pipeline-Ethylene,Antwerpen,7,52,4.345783,51.2549551,4.66,50.447,LineString,Feature,,,,,,,,,,,,,,,,,,,,,,,,,,,,,,,,,,,,,,,,,,,,,,,,,,,,,,,,,,,,,,,,,,,,,,,,,,,,,,,,,,,,,,,,,,,,,,,,,,,,,,,,,,,,,,,,,,,,,,,,,,,,,,,,,,,,,,,,,
1680178,Antwerpen-Terneuzen-Pipeline-Ethylene,Antwerpen,7,52,4.345783,51.2549551,3.8225052,51.3342613,LineString,Feature,,,,,,,,,,,,,,,,,,,,,,,,,,,,,,,,,,,,,,,,,,,,,,,,,,,,,,,,,,,,,,,,,,,,,,,,,,,,,,,,,,,,,,,,,,,,,,,,,,,,,,,,,,,,,,,,,,,,,,,,,,,,,,,,,,,,,,,,,
1680174,Rheinberg-Oberhausen-Pipeline-Ethylene,Rheinberg,7,52,6.5778,51.56477,6.796449399999999,51.5267932,LineString,Feature,,,,,,,,,,,,,,,,,,,,,,,,,,,,,,,,,,,,,,,,,,,,,,,,,,,,,,,,,,,,,,,,,,,,,,,,,,,,,,,,,,,,,,,,,,,,,,,,,,,,,,,,,,,,,,,,,,,,,,,,,,,,,,,,,,,,,,,,,
1680194,Ludwigshafen-Karlsruhe-Pipeline-Ethylene,Ludwigshafen,7,52,8.432187,49.495614,8.336459999999999,49.05311,LineString,Feature,,,,,,,,,,,,,,,,,,,,,,,,,,,,,,,,,,,,,,,,,,,,,,,,,,,,,,,,,,,,,,,,,,,,,,,,,,,,,,,,,,,,,,,,,,,,,,,,,,,,,,,,,,,,,,,,,,,,,,,,,,,,,,,,,,,,,,,,,
1680190,Karlsruhe-Münchsmünster-Pipeline-Ethylene,Karlsruhe,7,52,8.336459999999999,49.05311,11.7037456,48.7555011,LineString,Feature,,,,,,,,,,,,,,,,,,,,,,,,,,,,,,,,,,,,,,,,,,,,,,,,,,,,,,,,,,,,,,,,,,,,,,,,,,,,,,,,,,,,,,,,,,,,,,,,,,,,,,,,,,,,,,,,,,,,,,,,,,,,,,,,,,,,,,,,,
1680186,Wesseling-Frankfurt-Pipeline-Ethylene,Wesseling,7,52,7.007482899999999,50.8170527,8.543887,50.082808,LineString,Feature,,,,,,,,,,,,,,,,,,,,,,,,,,,,,,,,,,,,,,,,,,,,,,,,,,,,,,,,,,,,,,,,,,,,,,,,,,,,,,,,,,,,,,,,,,,,,,,,,,,,,,,,,,,,,,,,,,,,,,,,,,,,,,,,,,,,,,,,,
1680188,Frankfurt Höchst-Ludwigshafen-Pipeline-Ethylene,Frankfurt (Main),7,52,8.543887,50.082808,8.432187,49.495614,LineString,Feature,,,,,,,,,,,,,,,,,,,,,,,,,,,,,,,,,,,,,,,,,,,,,,,,,,,,,,,,,,,,,,,,,,,,,,,,,,,,,,,,,,,,,,,,,,,,,,,,,,,,,,,,,,,,,,,,,,,,,,,,,,,,,,,,,,,,,,,,,
1733952,Brunsbüttel-Stade-Pipeline-Ethylene,Stade,7,52,9.486706,53.635588,9.1827626,53.901848,LineString,Feature,,,,,,,,,,,,,,,,,,,,,,,,,,,,,,,,,,,,,,,,,,,,,,,,,,,,,,,,,,,,,,,,,,,,,,,,,,,,,,,,,,,,,,,,,,,,,,,,,,,,,,,,,,,,,,,,,,,,,,,,,,,,,,,,,,,,,,,,,
1737102,Rotterdam-Moerdijk-Pipeline-Ethylene,Rotterdam,7,52,4.11276,51.9393798,4.5836,51.6831,LineString,Feature,,,,,,,,,,,,,,,,,,,,,,,,,,,,,,,,,,,,,,,,,,,,,,,,,,,,,,,,,,,,,,,,,,,,,,,,,,,,,,,,,,,,,,,,,,,,,,,,,,,,,,,,,,,,,,,,,,,,,,,,,,,,,,,,,,,,,,,,,
1737102,Moerdijk-Antwerpen-Pipeline-Ethylene,Moerdijk,7,52,4.5836,51.6831,4.345783,51.2549551,LineString,Feature,,,,,,,,,,,,,,,,,,,,,,,,,,,,,,,,,,,,,,,,,,,,,,,,,,,,,,,,,,,,,,,,,,,,,,,,,,,,,,,,,,,,,,,,,,,,,,,,,,,,,,,,,,,,,,,,,,,,,,,,,,,,,,,,,,,,,,,,,
1737106,Köln-Nord-Frechen-Pipeline-Ethylene,Köln,7,52,6.9309734,51.0068616,6.766109999999999,50.90397,LineString,Feature,,,,,,,,,,,,,,,,,,,,,,,,,,,,,,,,,,,,,,,,,,,,,,,,,,,,,,,,,,,,,,,,,,,,,,,,,,,,,,,,,,,,,,,,,,,,,,,,,,,,,,,,,,,,,,,,,,,,,,,,,,,,,,,,,,,,,,,,,
1737110,Gelsenkirchen-Bottrop-Pipeline-Ethylene,Gelsenkirchen,7,52,7.0284381,51.59696839999999,6.96041,51.5106,LineString,Feature,,,,,,,,,,,,,,,,,,,,,,,,,,,,,,,,,,,,,,,,,,,,,,,,,,,,,,,,,,,,,,,,,,,,,,,,,,,,,,,,,,,,,,,,,,,,,,,,,,,,,,,,,,,,,,,,,,,,,,,,,,,,,,,,,,,,,,,,,
1737110,Runcorn-Preston-Pipeline-Ethylene,Runcorn,7,52,-2.7667,53.3233,-2.7298,53.7604,LineString,Feature,,,,,,,,,,,,,,,,,,,,,,,,,,,,,,,,,,,,,,,,,,,,,,,,,,,,,,,,,,,,,,,,,,,,,,,,,,,,,,,,,,,,,,,,,,,,,,,,,,,,,,,,,,,,,,,,,,,,,,,,,,,,,,,,,,,,,,,,,
1737110,Preston-Wilton-Pipeline-Ethylene,Middlesbrough,7,52,-2.7298,53.7604,-1.2298,54.586,LineString,Feature,,,,,,,,,,,,,,,,,,,,,,,,,,,,,,,,,,,,,,,,,,,,,,,,,,,,,,,,,,,,,,,,,,,,,,,,,,,,,,,,,,,,,,,,,,,,,,,,,,,,,,,,,,,,,,,,,,,,,,,,,,,,,,,,,,,,,,,,,
1737110,Wilton-CarterBar-Pipeline-Ethylene,Wilton,7,52,-1.2298,54.586,-2.4801,55.354,LineString,Feature,,,,,,,,,,,,,,,,,,,,,,,,,,,,,,,,,,,,,,,,,,,,,,,,,,,,,,,,,,,,,,,,,,,,,,,,,,,,,,,,,,,,,,,,,,,,,,,,,,,,,,,,,,,,,,,,,,,,,,,,,,,,,,,,,,,,,,,,,
1737110,CarterBar-Grangemouth-Pipeline-Ethylene,Grangemouth,7,52,-2.4801,55.354,-3.69857,56.0111,LineString,Feature,,,,,,,,,,,,,,,,,,,,,,,,,,,,,,,,,,,,,,,,,,,,,,,,,,,,,,,,,,,,,,,,,,,,,,,,,,,,,,,,,,,,,,,,,,,,,,,,,,,,,,,,,,,,,,,,,,,,,,,,,,,,,,,,,,,,,,,,,
1678848,Ludwigshafen-Karlsruhe-Pipeline-Propylene,Ludwigshafen,7,54,8.432187,49.495614,8.336459999999999,49.05311,LineString,Feature,#FF8800,,,,,,,,,,,,,,,,,,,,,,,,,,,,,,,,,,,,,,,,,,,,,,,,,,,,,,,,,,,,,,,,,,,,,,,,,,,,,,,,,,,,,,,,,,,,,,,,,,,,,,,,,,,,,,,,,,,,,,,,,,,,,,,,,,,,,,,,
1680110,Marl-Gelsenkirchen-Pipeline-Propylene,Marl,7,54,7.100303,51.681714,7.0284381,51.59696839999999,LineString,Feature,#FF8800,,,,,,,,,,,,,,,,,,,,,,,,,,,,,,,,,,,,,,,,,,,,,,,,,,,,,,,,,,,,,,,,,,,,,,,,,,,,,,,,,,,,,,,,,,,,,,,,,,,,,,,,,,,,,,,,,,,,,,,,,,,,,,,,,,,,,,,,
1680122,Oberhausen-Duisburg-Pipeline-Propylene,Oberhausen,7,54,6.796449399999999,51.5267932,6.73572,51.43892,LineString,Feature,#FF8800,,,,,,,,,,,,,,,,,,,,,,,,,,,,,,,,,,,,,,,,,,,,,,,,,,,,,,,,,,,,,,,,,,,,,,,,,,,,,,,,,,,,,,,,,,,,,,,,,,,,,,,,,,,,,,,,,,,,,,,,,,,,,,,,,,,,,,,,
1680120,Gelsenkirchen-Oberhausen-Pipeline-Propylene,Gelsenkirchen,7,54,7.0284381,51.59696839999999,6.796449399999999,51.5267932,LineString,Feature,#FF8800,,,,,,,,,,,,,,,,,,,,,,,,,,,,,,,,,,,,,,,,,,,,,,,,,,,,,,,,,,,,,,,,,,,,,,,,,,,,,,,,,,,,,,,,,,,,,,,,,,,,,,,,,,,,,,,,,,,,,,,,,,,,,,,,,,,,,,,,
1680124,Moers-Duisburg-Pipeline-Propylene,Moers,7,54,6.646913,51.4702002,6.73572,51.43892,LineString,Feature,#FF8800,,,,,,,,,,,,,,,,,,,,,,,,,,,,,,,,,,,,,,,,,,,,,,,,,,,,,,,,,,,,,,,,,,,,,,,,,,,,,,,,,,,,,,,,,,,,,,,,,,,,,,,,,,,,,,,,,,,,,,,,,,,,,,,,,,,,,,,,
1737102,Rotterdam-Moerdijk-Pipeline-Ethylene,Rotterdam,7,54,4.11276,51.9393798,4.5836,51.6831,LineString,Feature,,,,,,,,,,,,,,,,,,,,,,,,,,,,,,,,,,,,,,,,,,,,,,,,,,,,,,,,,,,,,,,,,,,,,,,,,,,,,,,,,,,,,,,,,,,,,,,,,,,,,,,,,,,,,,,,,,,,,,,,,,,,,,,,,,,,,,,,,
1737102,Moerdijk-Antwerpen-Pipeline-Ethylene,Moerdijk,7,54,4.5836,51.6831,4.345783,51.2549551,LineString,Feature,,,,,,,,,,,,,,,,,,,,,,,,,,,,,,,,,,,,,,,,,,,,,,,,,,,,,,,,,,,,,,,,,,,,,,,,,,,,,,,,,,,,,,,,,,,,,,,,,,,,,,,,,,,,,,,,,,,,,,,,,,,,,,,,,,,,,,,,,
1680178,Antwerpen-Feluy-Pipeline-Ethylene,Antwerpen,7,54,4.345783,51.2549551,4.2148,50.5555,LineString,Feature,,,,,,,,,,,,,,,,,,,,,,,,,,,,,,,,,,,,,,,,,,,,,,,,,,,,,,,,,,,,,,,,,,,,,,,,,,,,,,,,,,,,,,,,,,,,,,,,,,,,,,,,,,,,,,,,,,,,,,,,,,,,,,,,,,,,,,,,,
1680178,Antwerpen-Beringen-Pipeline-Ethylene,Antwerpen,7,54,4.345783,51.2549551,5.15,51.076,LineString,Feature,,,,,,,,,,,,,,,,,,,,,,,,,,,,,,,,,,,,,,,,,,,,,,,,,,,,,,,,,,,,,,,,,,,,,,,,,,,,,,,,,,,,,,,,,,,,,,,,,,,,,,,,,,,,,,,,,,,,,,,,,,,,,,,,,,,,,,,,,
,,,,,37.86805,0.313749999999345,37.89183000000048,0.41657,LineString,Feature,,141167,Above ground pipelines,37.90368999999919,0.425509999999122,37.90450000000055,0.431220000000394,37.9096499999996,0.46724,,,,,,,,,,,,,,,,,,,,,,,,,,,,,,,,,,,,,,,,,,,,,,,,,,,,,,,,,,,,,,,,,,,,,,,,,,,,,,,,,,,,,,,,,,,,,,,,,,,,,,,,,,,,,,,,,,,,,,,,,,,,,,,,
,,,,,36.886640000000625,-1.416059999999561,36.90791999999965,-1.436040000000503,LineString,Feature,,141200,Underground pipelines,36.90883000000031,-1.438570000000254,,,,,,,,,,,,,,,,,,,,,,,,,,,,,,,,,,,,,,,,,,,,,,,,,,,,,,,,,,,,,,,,,,,,,,,,,,,,,,,,,,,,,,,,,,,,,,,,,,,,,,,,,,,,,,,,,,,,,,,,,,,,,,,,,,,,
,,,,,36.04827,-1.801820000000589,36.05751000000055,-1.80487,LineString,Feature,,141202,Above ground pipelines,36.074469999999565,-1.817160000000513,36.07531000000017,-1.831840000000739,36.0961499999994,-1.8503,36.11305999999968,-1.850979999999254,36.148119999999835,-1.858120000000781,36.15381999999954,-1.859280000000581,36.163800000000265,-1.856139999999869,36.205299999999625,-1.857470000000831,36.21292999999969,-1.848149999999805,36.2429800000009,-1.863460000000487,36.25764,-1.874980000000505,36.26116,-1.875819999999294,36.28303000000051,-1.881030000000465,36.288440000000264,-1.888740000000325,36.30305000000044,-1.890980000000127,36.36808000000019,-1.84574000000066,36.37808000000041,-1.83878,36.37882,-1.83259,36.39872,-1.819330000000264,36.40795000000071,-1.82006,36.47746,-1.793929999999818,36.48309,-1.791810000000623,36.49714,-1.831169999999474,36.50033000000076,-1.85280000000057,36.4988400000002,-1.861310000000231,36.49579000000085,-1.865970000000743,36.503640000000814,-1.896080000000438,36.507509999999456,-1.902249999999185,36.50645000000077,-1.906199999999444,36.503749999999854,-1.91619,36.506069999999454,-1.91849,36.51984000000084,-1.90759000000071,36.52820000000065,-1.890530000000581,36.540429999999105,-1.878870000000461,36.55349000000024,-1.878790000000663,36.560450000000856,-1.886490000000777,36.594670000000406,-1.895889999999781,36.62663000000066,-1.904669999999896,36.629720000000816,-1.907750000000306,36.66439999999966,-1.92533,36.71376000000055,-1.92706,36.72127999999975,-1.927330000000438,36.745020000000295,-1.913269999999102,36.74946000000091,-1.88386,36.757799999999406,-1.864480000000185,36.78872000000047,-1.838809999999285,36.80751000000055,-1.823210000000472,36.83358000000044,-1.814549999999144,36.83738000000085,-1.807570000000851,36.8411300000007,-1.791310000000522,36.843189999999595,-1.751089999999749,36.841200000000754,-1.741910000000644,36.8143799999998,-1.618360000000394,36.807670000000144,-1.58741,36.79838000000018,-1.575870000000577,36.80213999999978,-1.560380000000805,36.76749000000018,-1.506729999999152,36.7230899999995,-1.43793,36.71385,-1.434900000000198,36.70698000000084,-1.44189,36.70159000000058,-1.438829999999143,36.69925999999941,-1.434209999999439,36.693129999999655,-1.4365600000001,36.68740000000071,-1.43301000000065,36.674629999999524,-1.425069999999323,36.67076000000088,-1.420459999999366,36.64919999999984,-1.410529999999199
,,,,,37.96168000000034,-2.4308,37.94409000000087,-2.366459999999279,LineString,Feature,,141205,Underground pipelines,37.926470000000336,-2.323790000000372,37.92257000000063,-2.31956,37.91561999999976,-2.316080000000511,37.852530000000115,-2.284499999999753,37.801550000000134,-2.262989999999263,37.78216000000066,-2.254800000000614,,,,,,,,,,,,,,,,,,,,,,,,,,,,,,,,,,,,,,,,,,,,,,,,,,,,,,,,,,,,,,,,,,,,,,,,,,,,,,,,,,,,,,,,,,,,,,,,,,,,,,,,,,,,,,,,,,,,,,,,,,
,,,,,38.13517999999931,-2.654010000000199,38.12954,-2.6271,LineString,Feature,,141207,Underground pipelines,38.132009999999354,-2.604279999999562,38.13514000000032,-2.591819999999643,38.155399999999645,-2.548609999999826,38.15423,-2.543110000000525,38.15042,-2.540100000000166,38.145730000000185,-2.538640000000669,38.0255300000008,-2.501319999999396,38.02370999999948,-2.500749999999243,,,,,,,,,,,,,,,,,,,,,,,,,,,,,,,,,,,,,,,,,,,,,,,,,,,,,,,,,,,,,,,,,,,,,,,,,,,,,,,,,,,,,,,,,,,,,,,,,,,,,,,,,,,,,,,,,,,,,,
,,,,,38.23581000000013,-2.762360000000626,38.17223000000013,-2.726360000000568,LineString,Feature,,141210,Underground pipelines,38.16537000000062,-2.71976,38.14718999999968,-2.680169999999635,38.13517999999931,-2.654010000000199,,,,,,,,,,,,,,,,,,,,,,,,,,,,,,,,,,,,,,,,,,,,,,,,,,,,,,,,,,,,,,,,,,,,,,,,,,,,,,,,,,,,,,,,,,,,,,,,,,,,,,,,,,,,,,,,,,,,,,,,,,,,,,,,
,,,,,37.57962000000043,-2.927229999999327,37.58458000000064,-2.916219999999157,LineString,Feature,,141211,Above ground pipelines,37.59022,-2.894910000000891,37.58954000000085,-2.863900000000285,37.58462999999938,-2.839900000000853,37.58270000000084,-2.821309999999357,37.58367999999973,-2.80314,37.58506,-2.777500000000146,37.58315000000039,-2.718839999999545,37.58044999999947,-2.684709999999541,37.57841,-2.67706,37.54577000000063,-2.55486000000019,37.51313999999911,-2.432670000000144,37.49988999999914,-2.383050000000367,37.481400000000576,-2.310260000000199,37.467759999999544,-2.256600000000617,37.45162999999957,-2.187350000000151,37.42521999999917,-2.07395,37.41894999999931,-2.066160000000309,37.380880000000616,-2.018930000000182,,,,,,,,,,,,,,,,,,,,,,,,,,,,,,,,,,,,,,,,,,,,,,,,,,,,,,,,,,,,,,,,,,,,,,,,,,,,,,,,,,,,,,,,,,,,,,,,,,
,,,,,38.47888000000057,-3.035040000000663,38.47400000000016,-3.01112,LineString,Feature,,141212,Above ground pipelines,38.46686000000045,-2.9982600000003,,,,,,,,,,,,,,,,,,,,,,,,,,,,,,,,,,,,,,,,,,,,,,,,,,,,,,,,,,,,,,,,,,,,,,,,,,,,,,,,,,,,,,,,,,,,,,,,,,,,,,,,,,,,,,,,,,,,,,,,,,,,,,,,,,,,
,,,,,38.126829999999245,-3.062840000000506,38.09382,-3.055060000000594,LineString,Feature,,141215,Above ground pipelines,38.08443000000079,-3.049150000000736,38.04717999999957,-3.0175,38.0322699999997,-2.999850000000151,,,,,,,,,,,,,,,,,,,,,,,,,,,,,,,,,,,,,,,,,,,,,,,,,,,,,,,,,,,,,,,,,,,,,,,,,,,,,,,,,,,,,,,,,,,,,,,,,,,,,,,,,,,,,,,,,,,,,,,,,,,,,,,,
,,,,,38.436030000000756,-3.113170000000537,38.37091,-3.00554000000011,LineString,Feature,,141217,Underground pipelines,38.37075,-3.005,38.3676200000009,-2.994919999999183,38.36866999999984,-2.984270000000834,38.374260000000504,-2.973200000000361,38.38753999999972,-2.95485,38.386529999999766,-2.947070000000167,38.34870000000046,-2.897689999999784,38.3189399999992,-2.858840000000782,38.27324000000044,-2.79644,38.26165000000037,-2.7806,,,,,,,,,,,,,,,,,,,,,,,,,,,,,,,,,,,,,,,,,,,,,,,,,,,,,,,,,,,,,,,,,,,,,,,,,,,,,,,,,,,,,,,,,,,,,,,,,,,,,,,,,,,,,,,,,,
,,,,,38.436030000000756,-3.113170000000537,38.39478000000054,-3.09159,LineString,Feature,,141218,Above ground pipelines,38.3816599999991,-3.071149999999761,38.36933999999928,-3.084070000000793,38.36175999999978,-3.089379999999437,38.333660000000236,-3.088159999999334,38.28173000000061,-3.085909999999785,38.24313000000075,-3.102419999999256,38.213410000000295,-3.090640000000349,38.1797600000009,-3.077289999999266,38.126829999999245,-3.062840000000506,,,,,,,,,,,,,,,,,,,,,,,,,,,,,,,,,,,,,,,,,,,,,,,,,,,,,,,,,,,,,,,,,,,,,,,,,,,,,,,,,,,,,,,,,,,,,,,,,,,,,,,,,,,,,,,,,,,,
,,,,,38.494880000000194,-3.172850000000835,38.48028999999951,-3.047150000000329,LineString,Feature,,141219,Above ground pipelines,38.47888000000057,-3.035040000000663,,,,,,,,,,,,,,,,,,,,,,,,,,,,,,,,,,,,,,,,,,,,,,,,,,,,,,,,,,,,,,,,,,,,,,,,,,,,,,,,,,,,,,,,,,,,,,,,,,,,,,,,,,,,,,,,,,,,,,,,,,,,,,,,,,,,
,,,,,38.507980000000316,-3.208259999999427,38.48029999999926,-3.188469999999143,LineString,Feature,,141220,Underground pipelines,38.4743899999994,-3.18282,38.436030000000756,-3.113170000000537,,,,,,,,,,,,,,,,,,,,,,,,,,,,,,,,,,,,,,,,,,,,,,,,,,,,,,,,,,,,,,,,,,,,,,,,,,,,,,,,,,,,,,,,,,,,,,,,,,,,,,,,,,,,,,,,,,,,,,,,,,,,,,,,,,
,,,,,38.52175999999963,-3.221879999999146,38.49310999999943,-3.183849999999438,LineString,Feature,,141221,Above ground pipelines,38.47878,-3.157600000000457,38.466270000000804,-3.12949,38.45039999999972,-3.120929999999135,38.436030000000756,-3.113170000000537,,,,,,,,,,,,,,,,,,,,,,,,,,,,,,,,,,,,,,,,,,,,,,,,,,,,,,,,,,,,,,,,,,,,,,,,,,,,,,,,,,,,,,,,,,,,,,,,,,,,,,,,,,,,,,,,,,,,,,,,,,,,,,
,,,,,38.52175999999963,-3.221879999999146,38.531670000000304,-3.228499999999258,LineString,Feature,,141223,Underground pipelines,,,,,,,,,,,,,,,,,,,,,,,,,,,,,,,,,,,,,,,,,,,,,,,,,,,,,,,,,,,,,,,,,,,,,,,,,,,,,,,,,,,,,,,,,,,,,,,,,,,,,,,,,,,,,,,,,,,,,,,,,,,,,,,,,,,,,,
,,,,,38.53277999999955,-3.236450000000332,38.52175999999963,-3.221879999999146,LineString,Feature,,141225,Above ground pipelines,,,,,,,,,,,,,,,,,,,,,,,,,,,,,,,,,,,,,,,,,,,,,,,,,,,,,,,,,,,,,,,,,,,,,,,,,,,,,,,,,,,,,,,,,,,,,,,,,,,,,,,,,,,,,,,,,,,,,,,,,,,,,,,,,,,,,,
,,,,,38.53593,-3.240669999999227,38.53277999999955,-3.236450000000332,LineString,Feature,,141226,Above ground pipelines,,,,,,,,,,,,,,,,,,,,,,,,,,,,,,,,,,,,,,,,,,,,,,,,,,,,,,,,,,,,,,,,,,,,,,,,,,,,,,,,,,,,,,,,,,,,,,,,,,,,,,,,,,,,,,,,,,,,,,,,,,,,,,,,,,,,,,
,,,,,38.531670000000304,-3.228499999999258,38.59268999999949,-3.285200000000259,LineString,Feature,,141230,Underground pipelines,38.61254999999983,-3.30899,38.693489999999656,-3.405940000000555,38.77425000000039,-3.502640000000611,38.76027000000067,-3.554130000000441,,,,,,,,,,,,,,,,,,,,,,,,,,,,,,,,,,,,,,,,,,,,,,,,,,,,,,,,,,,,,,,,,,,,,,,,,,,,,,,,,,,,,,,,,,,,,,,,,,,,,,,,,,,,,,,,,,,,,,,,,,,,,,
,,,,,38.76027000000067,-3.554130000000441,38.760229999999865,-3.551540000000387,LineString,Feature,,141231,Above ground pipelines,38.7526199999993,-3.539440000000468,38.699539999999615,-3.489149999999427,38.67552000000069,-3.461970000000292,38.65863,-3.44286,38.63717,-3.421650000000227,38.61271999999917,-3.393079999999827,38.60232999999971,-3.37768,38.595690000000104,-3.36486,38.58444000000054,-3.343160000000353,38.5648999999994,-3.28505000000041,38.55522000000019,-3.267429999999877,38.54319000000032,-3.250729999999749,38.53593,-3.240669999999227,,,,,,,,,,,,,,,,,,,,,,,,,,,,,,,,,,,,,,,,,,,,,,,,,,,,,,,,,,,,,,,,,,,,,,,,,,,,,,,,,,,,,,,,,,,,,,,,,,,,,,,,,,,,
,,,,,38.76027000000067,-3.554130000000441,38.75542999999925,-3.574300000000221,LineString,Feature,,141232,Underground pipelines,,,,,,,,,,,,,,,,,,,,,,,,,,,,,,,,,,,,,,,,,,,,,,,,,,,,,,,,,,,,,,,,,,,,,,,,,,,,,,,,,,,,,,,,,,,,,,,,,,,,,,,,,,,,,,,,,,,,,,,,,,,,,,,,,,,,,,
,,,,,39.44254,-3.87032,39.43839999999909,-3.867340000000695,LineString,Feature,,141239,Above ground pipelines,39.42509000000064,-3.863020000000688,39.40418999999929,-3.852979999999661,39.352310000000216,-3.833160000000135,39.32887999999912,-3.821509999999762,39.326929999999265,-3.820760000000519,39.29766000000018,-3.809429999999338,39.28089999999975,-3.800750000000335,39.20917,-3.776229999999487,39.206309999999576,-3.775260000000344,39.1531300000006,-3.758299999999508,39.121649999999136,-3.749330000000555,39.10296000000017,-3.745600000000195,39.0877,-3.747540000000299,39.07047000000057,-3.749729999999545,39.02347,-3.724130000000514,39.00256000000081,-3.7104,38.9955000000009,-3.707770000000892,38.975759999999354,-3.696640000000116,38.86591000000044,-3.634700000000521,38.77133999999933,-3.581350000000384,38.76467000000048,-3.574099999999817,38.76027000000067,-3.554130000000441,,,,,,,,,,,,,,,,,,,,,,,,,,,,,,,,,,,,,,,,,,,,,,,,,,,,,,,,,,,,,,,,,,,,,,,,,,,,,,,,,,,,,,,,,,
,,,,,39.569030000000566,-3.934740000000602,39.5355899999995,-3.89046000000053,LineString,Feature,,141240,Underground pipelines,39.52016,-3.87395,39.48416999999972,-3.870409999999538,,,,,,,,,,,,,,,,,,,,,,,,,,,,,,,,,,,,,,,,,,,,,,,,,,,,,,,,,,,,,,,,,,,,,,,,,,,,,,,,,,,,,,,,,,,,,,,,,,,,,,,,,,,,,,,,,,,,,,,,,,,,,,,,,,
,,,,,39.604919999999765,-3.98826,39.58576,-3.95773,LineString,Feature,,141242,Underground pipelines,,,,,,,,,,,,,,,,,,,,,,,,,,,,,,,,,,,,,,,,,,,,,,,,,,,,,,,,,,,,,,,,,,,,,,,,,,,,,,,,,,,,,,,,,,,,,,,,,,,,,,,,,,,,,,,,,,,,,,,,,,,,,,,,,,,,,,
,,,,,39.45930000000044,-3.879769999999553,39.475609999999506,-3.886150000000271,LineString,Feature,,141243,Above ground pipelines,39.49122999999963,-3.89437,39.50158999999985,-3.906759999999849,39.52099000000089,-3.938669999999547,39.52997999999934,-3.94945,39.538290000000416,-3.963229999999385,39.54344999999921,-3.968689999999697,39.545430000000124,-3.970789999999397,39.574860000000626,-3.989770000000135,39.580620000000636,-3.998499999999694,39.57701000000088,-4.00979,,,,,,,,,,,,,,,,,,,,,,,,,,,,,,,,,,,,,,,,,,,,,,,,,,,,,,,,,,,,,,,,,,,,,,,,,,,,,,,,,,,,,,,,,,,,,,,,,,,,,,,,,,,,,,,,,,
,,,,,36.81272999999965,-1.34929000000011,36.886640000000625,-1.416059999999561,LineString,Feature,,141260,Underground pipelines,,,,,,,,,,,,,,,,,,,,,,,,,,,,,,,,,,,,,,,,,,,,,,,,,,,,,,,,,,,,,,,,,,,,,,,,,,,,,,,,,,,,,,,,,,,,,,,,,,,,,,,,,,,,,,,,,,,,,,,,,,,,,,,,,,,,,,
,,,,,36.92130999999972,-1.451779999999417,36.93732000000091,-1.467169999999896,LineString,Feature,,141261,Underground pipelines,36.959500000000844,-1.485109999999622,37.00835,-1.542429999999513,37.09015999999974,-1.638409999999567,37.17199000000073,-1.734389999999621,37.19763000000057,-1.764460000000327,37.25594,-1.828480000000127,37.31579000000056,-1.894179999999324,37.338260000000446,-1.923919999999271,37.351440000000366,-1.941360000000714,37.41700999999921,-2.02249,37.46032000000014,-2.07683,,,,,,,,,,,,,,,,,,,,,,,,,,,,,,,,,,,,,,,,,,,,,,,,,,,,,,,,,,,,,,,,,,,,,,,,,,,,,,,,,,,,,,,,,,,,,,,,,,,,,,,,,,,,,,,,
,,,,,36.92130999999972,-1.451779999999417,36.90883000000031,-1.438570000000254,LineString,Feature,,141262,Underground pipelines,,,,,,,,,,,,,,,,,,,,,,,,,,,,,,,,,,,,,,,,,,,,,,,,,,,,,,,,,,,,,,,,,,,,,,,,,,,,,,,,,,,,,,,,,,,,,,,,,,,,,,,,,,,,,,,,,,,,,,,,,,,,,,,,,,,,,,
,,,,,37.78216000000066,-2.254800000000614,37.75902999999926,-2.245189999999639,LineString,Feature,,141263,Underground pipelines,,,,,,,,,,,,,,,,,,,,,,,,,,,,,,,,,,,,,,,,,,,,,,,,,,,,,,,,,,,,,,,,,,,,,,,,,,,,,,,,,,,,,,,,,,,,,,,,,,,,,,,,,,,,,,,,,,,,,,,,,,,,,,,,,,,,,,
,,,,,37.75902999999926,-2.245189999999639,37.56437,-2.153949999999895,LineString,Feature,,141264,Underground pipelines,37.49917,-2.123380000000907,37.46457999999984,-2.081930000000284,37.46032000000014,-2.07683,,,,,,,,,,,,,,,,,,,,,,,,,,,,,,,,,,,,,,,,,,,,,,,,,,,,,,,,,,,,,,,,,,,,,,,,,,,,,,,,,,,,,,,,,,,,,,,,,,,,,,,,,,,,,,,,,,,,,,,,,,,,,,,,
,,,,,37.96168000000034,-2.4308,37.96184,-2.431329999999434,LineString,Feature,,141266,Underground pipelines,,,,,,,,,,,,,,,,,,,,,,,,,,,,,,,,,,,,,,,,,,,,,,,,,,,,,,,,,,,,,,,,,,,,,,,,,,,,,,,,,,,,,,,,,,,,,,,,,,,,,,,,,,,,,,,,,,,,,,,,,,,,,,,,,,,,,,
,,,,,37.96184,-2.431329999999434,37.97243999999955,-2.466860000000452,LineString,Feature,,141267,Underground pipelines,37.98008999999911,-2.479950000000827,37.987890000000334,-2.488970000000336,38.02370999999948,-2.500749999999243,,,,,,,,,,,,,,,,,,,,,,,,,,,,,,,,,,,,,,,,,,,,,,,,,,,,,,,,,,,,,,,,,,,,,,,,,,,,,,,,,,,,,,,,,,,,,,,,,,,,,,,,,,,,,,,,,,,,,,,,,,,,,,,,
,,,,,38.23581000000013,-2.762360000000626,38.26165000000037,-2.7806,LineString,Feature,,141269,Underground pipelines,,,,,,,,,,,,,,,,,,,,,,,,,,,,,,,,,,,,,,,,,,,,,,,,,,,,,,,,,,,,,,,,,,,,,,,,,,,,,,,,,,,,,,,,,,,,,,,,,,,,,,,,,,,,,,,,,,,,,,,,,,,,,,,,,,,,,,
,,,,,38.75542999999925,-3.574300000000221,38.755590000000666,-3.58810000000085,LineString,Feature,,141272,Underground pipelines,38.760449999999764,-3.599490000000515,38.77153,-3.60751,38.83685999999943,-3.66407000000072,38.84473000000071,-3.67088,38.85280000000057,-3.670809999999619,38.86460000000079,-3.67735,,,,,,,,,,,,,,,,,,,,,,,,,,,,,,,,,,,,,,,,,,,,,,,,,,,,,,,,,,,,,,,,,,,,,,,,,,,,,,,,,,,,,,,,,,,,,,,,,,,,,,,,,,,,,,,,,,,,,,,,,,
,,,,,39.370670000000246,-3.87297000000035,39.24468999999954,-3.874610000000757,LineString,Feature,,141273,Underground pipelines,39.2135300000009,-3.875009999999747,39.16359000000011,-3.860710000000836,39.15366999999969,-3.85664,39.125529999999344,-3.84094,39.07691999999952,-3.813829999999143,39.04118000000017,-3.791310000000522,39.018309999999474,-3.774740000000747,38.97956999999951,-3.746670000000449,38.92115999999987,-3.714019999999437,38.911519999999655,-3.707969999999477,38.89451999999983,-3.697309999999561,,,,,,,,,,,,,,,,,,,,,,,,,,,,,,,,,,,,,,,,,,,,,,,,,,,,,,,,,,,,,,,,,,,,,,,,,,,,,,,,,,,,,,,,,,,,,,,,,,,,,,,,,,,,,,,,
,,,,,38.86460000000079,-3.67735,38.89451999999983,-3.697309999999561,LineString,Feature,,141274,Underground pipelines,,,,,,,,,,,,,,,,,,,,,,,,,,,,,,,,,,,,,,,,,,,,,,,,,,,,,,,,,,,,,,,,,,,,,,,,,,,,,,,,,,,,,,,,,,,,,,,,,,,,,,,,,,,,,,,,,,,,,,,,,,,,,,,,,,,,,,
,,,,,39.370670000000246,-3.87297000000035,39.48416999999972,-3.870409999999538,LineString,Feature,,141275,Underground pipelines,,,,,,,,,,,,,,,,,,,,,,,,,,,,,,,,,,,,,,,,,,,,,,,,,,,,,,,,,,,,,,,,,,,,,,,,,,,,,,,,,,,,,,,,,,,,,,,,,,,,,,,,,,,,,,,,,,,,,,,,,,,,,,,,,,,,,,
,,,,,39.569030000000566,-3.934740000000602,39.58576,-3.95773,LineString,Feature,,141276,Underground pipelines,,,,,,,,,,,,,,,,,,,,,,,,,,,,,,,,,,,,,,,,,,,,,,,,,,,,,,,,,,,,,,,,,,,,,,,,,,,,,,,,,,,,,,,,,,,,,,,,,,,,,,,,,,,,,,,,,,,,,,,,,,,,,,,,,,,,,,
,,,,,39.45930000000044,-3.879769999999553,39.44254,-3.87032,LineString,Feature,,141277,Above ground pipelines,,,,,,,,,,,,,,,,,,,,,,,,,,,,,,,,,,,,,,,,,,,,,,,,,,,,,,,,,,,,,,,,,,,,,,,,,,,,,,,,,,,,,,,,,,,,,,,,,,,,,,,,,,,,,,,,,,,,,,,,,,,,,,,,,,,,,,
